ticker,segmento,ventana,dia_rel,car_medio,car_medio_sin_alpha,n_eventos
CMG,baja,5,-5,-0.003366,-0.00287,9
CMG,baja,5,-4,-0.003973,-0.002979,9
CMG,baja,5,-3,-0.010393,-0.008903,9
CMG,baja,5,-2,-0.00808,-0.006093,9
CMG,baja,5,-1,-0.012641,-0.010157,9
CMG,baja,5,0,-0.013974,-0.010994,9
CMG,baja,5,1,0.003628,0.007105,9
CMG,baja,5,2,0.00104,0.005013,9
CMG,baja,5,3,0.003983,0.008453,9
CMG,baja,5,4,0.00317,0.008137,9
CMG,baja,5,5,0.002959,0.008423,9
CRWD,media,5,-5,0.023114,0.025318,9
CRWD,media,5,-4,0.017932,0.022342,9
CRWD,media,5,-3,0.031757,0.038372,9
CRWD,media,5,-2,0.018084,0.026903,9
CRWD,media,5,-1,0.009413,0.020436,9
CRWD,media,5,0,0.003329,0.016558,9
CRWD,media,5,1,-0.002514,0.01292,9
CRWD,media,5,2,-0.004829,0.012809,9
CRWD,media,5,3,-0.000526,0.019317,9
CRWD,media,5,4,0.003112,0.025159,9
CRWD,media,5,5,-0.006254,0.017998,9
DDOG,baja,5,-5,0.000365,0.002152,9
DDOG,baja,5,-4,0.016515,0.02009,9
DDOG,baja,5,-3,0.014861,0.020223,9
DDOG,baja,5,-2,0.009472,0.016622,9
DDOG,baja,5,-1,-0.007156,0.001782,9
DDOG,baja,5,0,0.020085,0.030811,9
DDOG,baja,5,1,0.017023,0.029536,9
DDOG,baja,5,2,0.006492,0.020793,9
DDOG,baja,5,3,-0.005088,0.011001,9
DDOG,baja,5,4,0.004015,0.021891,9
DDOG,baja,5,5,0.004694,0.024357,9
DIS,alta,5,-5,0.001403,0.000781,10
DIS,alta,5,-4,0.002225,0.000981,10
DIS,alta,5,-3,0.01702,0.015154,10
DIS,alta,5,-2,0.016609,0.014121,10
DIS,alta,5,-1,0.013026,0.009915,10
DIS,alta,5,0,0.022154,0.018421,10
DIS,alta,5,1,0.005585,0.00123,10
DIS,alta,5,2,0.005864,0.000887,10
DIS,alta,5,3,0.011043,0.005444,10
DIS,alta,5,4,0.012844,0.006622,10
DIS,alta,5,5,0.009989,0.003146,10
NCLH,alta,5,-5,-0.005201,-0.005669,9
NCLH,alta,5,-4,0.001069,0.000133,9
NCLH,alta,5,-3,0.004259,0.002855,9
NCLH,alta,5,-2,0.002705,0.000833,9
NCLH,alta,5,-1,0.002155,-0.000185,9
NCLH,alta,5,0,0.011328,0.00852,9
NCLH,alta,5,1,0.005546,0.00227,9
NCLH,alta,5,2,0.002656,-0.001088,9
NCLH,alta,5,3,0.01267,0.008458,9
NCLH,alta,5,4,0.023962,0.019282,9
NCLH,alta,5,5,0.025647,0.020499,9
TGT,media,5,-5,-0.011499,-0.010945,9
TGT,media,5,-4,-0.0079,-0.006792,9
TGT,media,5,-3,-0.002378,-0.000715,9
TGT,media,5,-2,0.002597,0.004814,9
TGT,media,5,-1,0.003488,0.00626,9
TGT,media,5,0,-0.027939,-0.024613,9
TGT,media,5,1,-0.02689,-0.023009,9
TGT,media,5,2,-0.024405,-0.01997,9
TGT,media,5,3,-0.031187,-0.026198,9
TGT,media,5,4,-0.035903,-0.03036,9
TGT,media,5,5,-0.027342,-0.021245,9
CMG,baja,10,-10,0.00051,0.001007,9
CMG,baja,10,-9,0.009188,0.010181,9
CMG,baja,10,-8,0.008691,0.010181,9
CMG,baja,10,-7,0.013164,0.015151,9
CMG,baja,10,-6,0.021334,0.023818,9
CMG,baja,10,-5,0.017968,0.020948,9
CMG,baja,10,-4,0.017361,0.020838,9
CMG,baja,10,-3,0.010941,0.014915,9
CMG,baja,10,-2,0.013255,0.017725,9
CMG,baja,10,-1,0.008693,0.013661,9
CMG,baja,10,0,0.00736,0.012824,9
CMG,baja,10,1,0.024962,0.030922,9
CMG,baja,10,2,0.022374,0.028831,9
CMG,baja,10,3,0.025317,0.032271,9
CMG,baja,10,4,0.024504,0.031955,9
CMG,baja,10,5,0.024293,0.03224,9
CMG,baja,10,6,0.013696,0.02214,9
CMG,baja,10,7,0.01297,0.02191,9
CMG,baja,10,8,0.009004,0.018441,9
CMG,baja,10,9,-0.000382,0.009552,9
CMG,baja,10,10,0.003509,0.01394,9
CRWD,media,10,-10,0.006541,0.008746,9
CRWD,media,10,-9,0.026562,0.030971,9
CRWD,media,10,-8,0.019603,0.026217,9
CRWD,media,10,-7,0.014518,0.023337,9
CRWD,media,10,-6,0.004476,0.0155,9
CRWD,media,10,-5,0.027589,0.040818,9
CRWD,media,10,-4,0.022408,0.037841,9
CRWD,media,10,-3,0.036233,0.053871,9
CRWD,media,10,-2,0.022559,0.042402,9
CRWD,media,10,-1,0.013888,0.035936,9
CRWD,media,10,0,0.007805,0.032057,9
CRWD,media,10,1,0.001962,0.028419,9
CRWD,media,10,2,-0.000353,0.028309,9
CRWD,media,10,3,0.00395,0.034817,9
CRWD,media,10,4,0.007587,0.040659,9
CRWD,media,10,5,-0.001779,0.033498,9
CRWD,media,10,6,0.011054,0.048535,9
CRWD,media,10,7,0.002797,0.042482,9
CRWD,media,10,8,-0.002292,0.039599,9
CRWD,media,10,9,0.009088,0.053183,9
CRWD,media,10,10,0.022549,0.068849,9
DDOG,baja,10,-10,0.006161,0.007949,9
DDOG,baja,10,-9,0.007303,0.010878,9
DDOG,baja,10,-8,0.001846,0.007209,9
DDOG,baja,10,-7,0.006513,0.013663,9
DDOG,baja,10,-6,-0.007528,0.00141,9
DDOG,baja,10,-5,-0.007163,0.003563,9
DDOG,baja,10,-4,0.008988,0.021501,9
DDOG,baja,10,-3,0.007333,0.021634,9
DDOG,baja,10,-2,0.001944,0.018032,9
DDOG,baja,10,-1,-0.014683,0.003192,9
DDOG,baja,10,0,0.012558,0.032221,9
DDOG,baja,10,1,0.009495,0.030946,9
DDOG,baja,10,2,-0.001035,0.022203,9
DDOG,baja,10,3,-0.012615,0.012411,9
DDOG,baja,10,4,-0.003513,0.023301,9
DDOG,baja,10,5,-0.002834,0.025767,9
DDOG,baja,10,6,0.006701,0.03709,9
DDOG,baja,10,7,-0.012795,0.019382,9
DDOG,baja,10,8,-0.013238,0.020726,9
DDOG,baja,10,9,-0.013919,0.021832,9
DDOG,baja,10,10,-0.010184,0.027355,9
DIS,alta,10,-10,0.004277,0.003655,10
DIS,alta,10,-9,0.00446,0.003216,10
DIS,alta,10,-8,-0.008387,-0.010253,10
DIS,alta,10,-7,-0.005941,-0.00843,10
DIS,alta,10,-6,-0.004594,-0.007705,10
DIS,alta,10,-5,-0.003191,-0.006924,10
DIS,alta,10,-4,-0.002369,-0.006724,10
DIS,alta,10,-3,0.012426,0.007449,10
DIS,alta,10,-2,0.012015,0.006416,10
DIS,alta,10,-1,0.008432,0.00221,10
DIS,alta,10,0,0.017559,0.010716,10
DIS,alta,10,1,0.00099,-0.006475,10
DIS,alta,10,2,0.00127,-0.006818,10
DIS,alta,10,3,0.006449,-0.002261,10
DIS,alta,10,4,0.008249,-0.001083,10
DIS,alta,10,5,0.005395,-0.004559,10
DIS,alta,10,6,0.009018,-0.001558,10
DIS,alta,10,7,0.01153,0.000331,10
DIS,alta,10,8,0.014897,0.003077,10
DIS,alta,10,9,0.012183,-0.00026,10
DIS,alta,10,10,0.00946,-0.003605,10
NCLH,alta,10,-10,-0.011559,-0.012027,9
NCLH,alta,10,-9,-0.01263,-0.013566,9
NCLH,alta,10,-8,-0.016689,-0.018093,9
NCLH,alta,10,-7,-0.00338,-0.005252,9
NCLH,alta,10,-6,0.009776,0.007436,9
NCLH,alta,10,-5,0.004576,0.001768,9
NCLH,alta,10,-4,0.010846,0.00757,9
NCLH,alta,10,-3,0.014035,0.010291,9
NCLH,alta,10,-2,0.012482,0.00827,9
NCLH,alta,10,-1,0.011931,0.007251,9
NCLH,alta,10,0,0.021105,0.015956,9
NCLH,alta,10,1,0.015322,0.009706,9
NCLH,alta,10,2,0.012432,0.006348,9
NCLH,alta,10,3,0.022446,0.015894,9
NCLH,alta,10,4,0.033739,0.026718,9
NCLH,alta,10,5,0.035424,0.027936,9
NCLH,alta,10,6,0.014296,0.00634,9
NCLH,alta,10,7,-0.006365,-0.014789,9
NCLH,alta,10,8,-0.002445,-0.011337,9
NCLH,alta,10,9,-0.023778,-0.033138,9
NCLH,alta,10,10,-0.025099,-0.034927,9
TGT,media,10,-10,-0.00353,-0.002976,9
TGT,media,10,-9,-0.004273,-0.003165,9
TGT,media,10,-8,-0.010789,-0.009126,9
TGT,media,10,-7,-0.0151,-0.012883,9
TGT,media,10,-6,-0.014977,-0.012205,9
TGT,media,10,-5,-0.026475,-0.02315,9
TGT,media,10,-4,-0.022877,-0.018997,9
TGT,media,10,-3,-0.017354,-0.01292,9
TGT,media,10,-2,-0.01238,-0.007391,9
TGT,media,10,-1,-0.011488,-0.005945,9
TGT,media,10,0,-0.042915,-0.036818,9
TGT,media,10,1,-0.041866,-0.035214,9
TGT,media,10,2,-0.039381,-0.032175,9
TGT,media,10,3,-0.046163,-0.038403,9
TGT,media,10,4,-0.050879,-0.042565,9
TGT,media,10,5,-0.042319,-0.03345,9
TGT,media,10,6,-0.03782,-0.028396,9
TGT,media,10,7,-0.036391,-0.026413,9
TGT,media,10,8,-0.043694,-0.033162,9
TGT,media,10,9,-0.048739,-0.037652,9
TGT,media,10,10,-0.047457,-0.035816,9
CMG,baja,20,-20,-0.001912,-0.001415,9
CMG,baja,20,-19,-0.004176,-0.003183,9
CMG,baja,20,-18,-0.008341,-0.006851,9
CMG,baja,20,-17,-0.004013,-0.002027,9
CMG,baja,20,-16,-0.006978,-0.004495,9
CMG,baja,20,-15,-0.008624,-0.005644,9
CMG,baja,20,-14,-0.009346,-0.005869,9
CMG,baja,20,-13,-0.011539,-0.007566,9
CMG,baja,20,-12,-0.014541,-0.010071,9
CMG,baja,20,-11,-0.00803,-0.003063,9
CMG,baja,20,-10,-0.00752,-0.002057,9
CMG,baja,20,-9,0.001157,0.007118,9
CMG,baja,20,-8,0.00066,0.007118,9
CMG,baja,20,-7,0.005133,0.012087,9
CMG,baja,20,-6,0.013304,0.020754,9
CMG,baja,20,-5,0.009937,0.017885,9
CMG,baja,20,-4,0.009331,0.017775,9
CMG,baja,20,-3,0.002911,0.011851,9
CMG,baja,20,-2,0.005224,0.014662,9
CMG,baja,20,-1,0.000663,0.010597,9
CMG,baja,20,0,-0.00067,0.009761,9
CMG,baja,20,1,0.016931,0.027859,9
CMG,baja,20,2,0.014343,0.025768,9
CMG,baja,20,3,0.017286,0.029207,9
CMG,baja,20,4,0.016474,0.028891,9
CMG,baja,20,5,0.016262,0.029177,9
CMG,baja,20,6,0.005666,0.019077,9
CMG,baja,20,7,0.004939,0.018847,9
CMG,baja,20,8,0.000973,0.015378,9
CMG,baja,20,9,-0.008412,0.006489,9
CMG,baja,20,10,-0.004521,0.010877,9
CMG,baja,20,11,-0.003924,0.011971,9
CMG,baja,20,12,-0.005445,0.010947,9
CMG,baja,20,13,-0.012172,0.004716,9
CMG,baja,20,14,-0.014228,0.003157,9
CMG,baja,20,15,-0.013495,0.004387,9
CMG,baja,20,16,-0.018666,-0.000287,9
CMG,baja,20,17,-0.017049,0.001826,9
CMG,baja,20,18,-0.023745,-0.004373,9
CMG,baja,20,19,-0.027156,-0.007288,9
CMG,baja,20,20,-0.027532,-0.007167,9
CRWD,media,20,-20,-0.007278,-0.005073,9
CRWD,media,20,-19,-0.004572,-0.000162,9
CRWD,media,20,-18,-0.015298,-0.008683,9
CRWD,media,20,-17,-0.03112,-0.022301,9
CRWD,media,20,-16,-0.050816,-0.039793,9
CRWD,media,20,-15,-0.070438,-0.057209,9
CRWD,media,20,-14,-0.078374,-0.062941,9
CRWD,media,20,-13,-0.070361,-0.052722,9
CRWD,media,20,-12,-0.085057,-0.065214,9
CRWD,media,20,-11,-0.093167,-0.071119,9
CRWD,media,20,-10,-0.086626,-0.062373,9
CRWD,media,20,-9,-0.066605,-0.040148,9
CRWD,media,20,-8,-0.073564,-0.044902,9
CRWD,media,20,-7,-0.078649,-0.047783,9
CRWD,media,20,-6,-0.088691,-0.05562,9
CRWD,media,20,-5,-0.065578,-0.030301,9
CRWD,media,20,-4,-0.070759,-0.033278,9
CRWD,media,20,-3,-0.056934,-0.017248,9
CRWD,media,20,-2,-0.070608,-0.028717,9
CRWD,media,20,-1,-0.079279,-0.035183,9
CRWD,media,20,0,-0.085362,-0.039062,9
CRWD,media,20,1,-0.091205,-0.0427,9
CRWD,media,20,2,-0.09352,-0.042811,9
CRWD,media,20,3,-0.089217,-0.036303,9
CRWD,media,20,4,-0.08558,-0.03046,9
CRWD,media,20,5,-0.094946,-0.037622,9
CRWD,media,20,6,-0.082114,-0.022585,9
CRWD,media,20,7,-0.090371,-0.028637,9
CRWD,media,20,8,-0.095459,-0.031521,9
CRWD,media,20,9,-0.08408,-0.017937,9
CRWD,media,20,10,-0.070618,-0.00227,9
CRWD,media,20,11,-0.059996,0.010557,9
CRWD,media,20,12,-0.057676,0.015081,9
CRWD,media,20,13,-0.046684,0.028278,9
CRWD,media,20,14,-0.036555,0.040612,9
CRWD,media,20,15,-0.036373,0.042998,9
CRWD,media,20,16,-0.041433,0.040143,9
CRWD,media,20,17,-0.051065,0.032716,9
CRWD,media,20,18,-0.060719,0.025267,9
CRWD,media,20,19,-0.064009,0.024182,9
CRWD,media,20,20,-0.067341,0.023054,9
DDOG,baja,20,-20,-0.007246,-0.005458,9
DDOG,baja,20,-19,-0.022212,-0.018637,9
DDOG,baja,20,-18,-0.026486,-0.021124,9
DDOG,baja,20,-17,-0.026481,-0.019331,9
DDOG,baja,20,-16,-0.014754,-0.005816,9
DDOG,baja,20,-15,-0.031423,-0.020697,9
DDOG,baja,20,-14,-0.050457,-0.037944,9
DDOG,baja,20,-13,-0.046515,-0.032214,9
DDOG,baja,20,-12,-0.06518,-0.049092,9
DDOG,baja,20,-11,-0.067042,-0.049167,9
DDOG,baja,20,-10,-0.060881,-0.041218,9
DDOG,baja,20,-9,-0.05974,-0.038289,9
DDOG,baja,20,-8,-0.065196,-0.041958,9
DDOG,baja,20,-7,-0.060529,-0.035503,9
DDOG,baja,20,-6,-0.07457,-0.047757,9
DDOG,baja,20,-5,-0.074205,-0.045604,9
DDOG,baja,20,-4,-0.058055,-0.027666,9
DDOG,baja,20,-3,-0.059709,-0.027533,9
DDOG,baja,20,-2,-0.065099,-0.031135,9
DDOG,baja,20,-1,-0.081726,-0.045974,9
DDOG,baja,20,0,-0.054485,-0.016946,9
DDOG,baja,20,1,-0.057547,-0.018221,9
DDOG,baja,20,2,-0.068078,-0.026964,9
DDOG,baja,20,3,-0.079658,-0.036756,9
DDOG,baja,20,4,-0.070555,-0.025866,9
DDOG,baja,20,5,-0.069876,-0.023399,9
DDOG,baja,20,6,-0.060341,-0.012077,9
DDOG,baja,20,7,-0.079837,-0.029785,9
DDOG,baja,20,8,-0.08028,-0.028441,9
DDOG,baja,20,9,-0.080961,-0.027334,9
DDOG,baja,20,10,-0.077226,-0.021812,9
DDOG,baja,20,11,-0.079571,-0.022369,9
DDOG,baja,20,12,-0.094561,-0.035571,9
DDOG,baja,20,13,-0.106044,-0.045266,9
DDOG,baja,20,14,-0.118699,-0.056134,9
DDOG,baja,20,15,-0.1321,-0.067748,9
DDOG,baja,20,16,-0.128213,-0.062073,9
DDOG,baja,20,17,-0.12377,-0.055842,9
DDOG,baja,20,18,-0.12391,-0.054195,9
DDOG,baja,20,19,-0.107451,-0.035948,9
DDOG,baja,20,20,-0.142714,-0.069424,9
DIS,alta,20,-20,-0.003349,-0.003971,10
DIS,alta,20,-19,-0.006358,-0.007602,10
DIS,alta,20,-18,-0.004756,-0.006622,10
DIS,alta,20,-17,-0.010843,-0.013332,10
DIS,alta,20,-16,-0.007798,-0.010909,10
DIS,alta,20,-15,-0.011257,-0.01499,10
DIS,alta,20,-14,-0.010781,-0.015136,10
DIS,alta,20,-13,-0.018179,-0.023156,10
DIS,alta,20,-12,-0.017055,-0.022654,10
DIS,alta,20,-11,-0.023482,-0.029703,10
DIS,alta,20,-10,-0.019205,-0.026048,10
DIS,alta,20,-9,-0.019021,-0.026487,10
DIS,alta,20,-8,-0.031869,-0.039957,10
DIS,alta,20,-7,-0.029423,-0.038133,10
DIS,alta,20,-6,-0.028076,-0.037408,10
DIS,alta,20,-5,-0.026673,-0.036627,10
DIS,alta,20,-4,-0.025851,-0.036427,10
DIS,alta,20,-3,-0.011056,-0.022254,10
DIS,alta,20,-2,-0.011467,-0.023287,10
DIS,alta,20,-1,-0.01505,-0.027493,10
DIS,alta,20,0,-0.005922,-0.018987,10
DIS,alta,20,1,-0.022491,-0.036179,10
DIS,alta,20,2,-0.022212,-0.036521,10
DIS,alta,20,3,-0.017033,-0.031964,10
DIS,alta,20,4,-0.015232,-0.030786,10
DIS,alta,20,5,-0.018087,-0.034262,10
DIS,alta,20,6,-0.014463,-0.031261,10
DIS,alta,20,7,-0.011952,-0.029372,10
DIS,alta,20,8,-0.008585,-0.026627,10
DIS,alta,20,9,-0.011299,-0.029963,10
DIS,alta,20,10,-0.014022,-0.033308,10
DIS,alta,20,11,-0.010855,-0.030764,10
DIS,alta,20,12,-0.011134,-0.031665,10
DIS,alta,20,13,-0.006312,-0.027465,10
DIS,alta,20,14,-0.008111,-0.029886,10
DIS,alta,20,15,-0.009875,-0.032272,10
DIS,alta,20,16,-0.004719,-0.027738,10
DIS,alta,20,17,-0.01021,-0.033851,10
DIS,alta,20,18,-0.012793,-0.037056,10
DIS,alta,20,19,-0.01593,-0.040816,10
DIS,alta,20,20,-0.001761,-0.027269,10
NCLH,alta,20,-20,0.009533,0.009065,9
NCLH,alta,20,-19,0.005304,0.004368,9
NCLH,alta,20,-18,-0.017996,-0.0194,9
NCLH,alta,20,-17,-0.012747,-0.014619,9
NCLH,alta,20,-16,-0.007529,-0.009869,9
NCLH,alta,20,-15,-0.010075,-0.012883,9
NCLH,alta,20,-14,-0.011548,-0.014824,9
NCLH,alta,20,-13,-0.011456,-0.0152,9
NCLH,alta,20,-12,0.006776,0.002564,9
NCLH,alta,20,-11,0.009595,0.004915,9
NCLH,alta,20,-10,-0.001964,-0.007112,9
NCLH,alta,20,-9,-0.003035,-0.008651,9
NCLH,alta,20,-8,-0.007094,-0.013178,9
NCLH,alta,20,-7,0.006215,-0.000337,9
NCLH,alta,20,-6,0.019371,0.012351,9
NCLH,alta,20,-5,0.014171,0.006683,9
NCLH,alta,20,-4,0.020441,0.012485,9
NCLH,alta,20,-3,0.02363,0.015206,9
NCLH,alta,20,-2,0.022077,0.013185,9
NCLH,alta,20,-1,0.021526,0.012166,9
NCLH,alta,20,0,0.0307,0.020871,9
NCLH,alta,20,1,0.024917,0.014621,9
NCLH,alta,20,2,0.022027,0.011263,9
NCLH,alta,20,3,0.032041,0.020809,9
NCLH,alta,20,4,0.043334,0.031633,9
NCLH,alta,20,5,0.045019,0.032851,9
NCLH,alta,20,6,0.023891,0.011255,9
NCLH,alta,20,7,0.00323,-0.009874,9
NCLH,alta,20,8,0.00715,-0.006422,9
NCLH,alta,20,9,-0.014183,-0.028223,9
NCLH,alta,20,10,-0.015504,-0.030012,9
NCLH,alta,20,11,0.000843,-0.014133,9
NCLH,alta,20,12,0.021431,0.005987,9
NCLH,alta,20,13,0.03048,0.014568,9
NCLH,alta,20,14,0.033569,0.017189,9
NCLH,alta,20,15,0.024136,0.007288,9
NCLH,alta,20,16,0.01649,-0.000827,9
NCLH,alta,20,17,0.022022,0.004237,9
NCLH,alta,20,18,0.020717,0.002464,9
NCLH,alta,20,19,0.012189,-0.006531,9
NCLH,alta,20,20,0.015752,-0.003437,9
TGT,media,20,-20,-0.000232,0.000322,9
TGT,media,20,-19,-0.002189,-0.00108,9
TGT,media,20,-18,-0.002505,-0.000842,9
TGT,media,20,-17,-0.002856,-0.000639,9
TGT,media,20,-16,-0.006367,-0.003595,9
TGT,media,20,-15,-0.007452,-0.004126,9
TGT,media,20,-14,-0.003829,5.2e-05,9
TGT,media,20,-13,-0.006237,-0.001803,9
TGT,media,20,-12,-0.006927,-0.001938,9
TGT,media,20,-11,-0.002483,0.003061,9
TGT,media,20,-10,-0.006013,8.5e-05,9
TGT,media,20,-9,-0.006756,-0.000104,9
TGT,media,20,-8,-0.013271,-0.006065,9
TGT,media,20,-7,-0.017583,-0.009822,9
TGT,media,20,-6,-0.017459,-0.009144,9
TGT,media,20,-5,-0.028958,-0.020089,9
TGT,media,20,-4,-0.025359,-0.015936,9
TGT,media,20,-3,-0.019837,-0.009859,9
TGT,media,20,-2,-0.014862,-0.00433,9
TGT,media,20,-1,-0.013971,-0.002884,9
TGT,media,20,0,-0.045398,-0.033757,9
TGT,media,20,1,-0.044349,-0.032154,9
TGT,media,20,2,-0.041864,-0.029114,9
TGT,media,20,3,-0.048646,-0.035342,9
TGT,media,20,4,-0.053362,-0.039504,9
TGT,media,20,5,-0.044802,-0.030389,9
TGT,media,20,6,-0.040302,-0.025335,9
TGT,media,20,7,-0.038873,-0.023352,9
TGT,media,20,8,-0.046177,-0.030102,9
TGT,media,20,9,-0.051221,-0.034591,9
TGT,media,20,10,-0.04994,-0.032756,9
TGT,media,20,11,-0.048585,-0.030847,9
TGT,media,20,12,-0.055212,-0.036919,9
TGT,media,20,13,-0.050443,-0.031596,9
TGT,media,20,14,-0.050358,-0.030956,9
TGT,media,20,15,-0.052654,-0.032698,9
TGT,media,20,16,-0.057146,-0.036636,9
TGT,media,20,17,-0.063261,-0.042197,9
TGT,media,20,18,-0.060795,-0.039176,9
TGT,media,20,19,-0.060623,-0.03845,9
TGT,media,20,20,-0.063139,-0.040412,9
